{"stats":{"minecraft:picked_up":{"minecraft:bone":2,"minecraft:arrow":1,"minecraft:apple":1,"minecraft:mutton":1,"minecraft:white_wool":1,"minecraft:spruce_leaves":1},"minecraft:used":{"minecraft:spruce_leaves":2,"minecraft:dirt":18,"minecraft:netherite_pickaxe":5,"minecraft:brush":1},"minecraft:dropped":{"minecraft:spruce_leaves":1,"minecraft:dirt":1,"minecraft:andesite":1},"minecraft:custom":{"minecraft:open_chest":4,"minecraft:time_since_rest":26708,"minecraft:crouch_one_cm":2975,"minecraft:play_time":35674,"minecraft:sprint_one_cm":46288,"minecraft:deaths":1,"minecraft:damage_taken":290,"minecraft:walk_one_cm":21829,"minecraft:sneak_time":1258,"minecraft:mob_kills":2,"minecraft:drop":3,"minecraft:jump":238,"minecraft:damage_dealt":280,"minecraft:leave_game":1,"minecraft:time_since_death":26680,"minecraft:walk_on_water_one_cm":2359,"minecraft:total_world_time":35674,"minecraft:interact_with_cartography_table":1,"minecraft:fall_one_cm":7845,"minecraft:fly_one_cm":365686},"minecraft:killed":{"minecraft:sheep":1,"minecraft:skeleton":1}},"DataVersion":3465}